{"cameraMode":{"drawMode":0,"name":"Shaded","section":"Shading Mode"},"sceneLighting":true,"audioPlay":false,"sceneViewState":{"showFog":true,"showMaterialUpdate":false,"showSkybox":true,"showFlares":true,"showImageEffects":true,"showParticleSystems":true},"in2DMode":false,"pivot":{"x":54.8216552734375,"y":36.18016052246094,"z":-138.38729858398438},"rotation":{"x":-0.07210126519203186,"y":-0.7530751824378967,"z":0.08371637016534805,"w":-0.6485913991928101},"size":410.9200439453125,"orthographic":false}